{"cameraMode":{"drawMode":0,"name":"Shaded","section":"Shading Mode"},"sceneLighting":true,"audioPlay":false,"sceneViewState":{"showFog":true,"showMaterialUpdate":false,"showSkybox":true,"showFlares":true,"showImageEffects":true,"showParticleSystems":true},"in2DMode":false,"pivot":{"x":1.7348301410675049,"y":1.5593684911727906,"z":1.3550752401351929},"rotation":{"x":-0.37982580065727236,"y":0.6160478591918945,"z":-0.440470814704895,"w":-0.5312337279319763},"size":1.0988366603851319,"orthographic":false}